Process,Ca,Mg,Na,K,HCO3,Cl,SO4,NO3,F,Refined_Process_Name
Process_1,0.1455451021933422,-0.0962057368707735,0.5887833804312361,-0.5554227403450299,-0.014079538468628763,0.4563782572589829,-0.2657881388848957,-0.1586142930936935,-0.10059629222053974,Na-Cl Enrichment Signature
Process_2,0.17961747416859444,0.1761074396455808,-0.1076053436391703,0.16554260899728618,0.024915595369085927,-0.036091920205995526,-0.8683218825782425,0.3620159601467724,0.10382006809608857,NO3-Ca Association
Process_3,0.054951198879969354,0.4478212909174,0.12471525947094846,0.11818871882177785,0.02819335371766185,-0.21464593831027853,-0.15438476046602873,-0.7566145776795069,0.3517754546480566,Mg-F Association
Process_4,0.09973990881782924,-0.7574836990395648,-0.05282344007685505,0.34768082574225206,0.23676224473321084,0.2064716285322904,-0.13503608793805483,-0.2677667392857104,0.3224553585146021,K-F Association
Process_5,-0.020486522379044192,-0.23101557857104077,0.5193017391129306,-0.1063457463535399,0.2587979316411962,-0.7376531531523789,0.0005195715983647813,0.2026706925470346,0.11421106555647748,Na-HCO3 Exchange Signature
