endpoint,draws,tune,chains,target_accept,rhat_max,ess_bulk_min,ess_tail_min,loo_elpd,loo_p,pareto_k_max,pareto_k_gt_0_7,waic_elpd,waic_p
NPLS_GWQI,2000,1000,2,0.95,1.01,356.0,444.0,-4.300895235865892,16.739361725680666,1.2152315255256747,8,-0.09522324421338785,12.533689734028163
F,2000,1000,2,0.95,1.17,9.0,49.0,-50.81511539479447,19.550685602943467,1.5817451072584412,4,-48.143085856841715,16.878656064990718
