endpoint,chains,draws_per_chain,rhat_max,ess_bulk_min,ess_tail_min,divergences,max_tree_depth,reached_max_treedepth,loo_elpd,loo_elpd_reloo,loo_p,pareto_k_max,pareto_k_gt_0_7,pareto_k_gt_1_0,reloo_n,waic_elpd,waic_p
NPLS_GWQI,2,1500,1.0,545.0,529.0,0,10,0,-7.530271713820014,-9.65035375790047,23.953560730275388,1.2555847825286817,4,1,1,-5.2587586692030674,21.68204768565844
F,2,1500,1.01,579.0,485.0,0,8,0,-48.43036657641992,-50.85699192564646,21.000282173249907,1.1964252414713306,1,1,1,-46.882965736566355,19.452881333396352
