Parameter,VIP_Dynamic_Weight,Rank
EC,0.10186548015365149,1
Cl,0.10124886758772526,2
TDS,0.1010623974195737,3
Ca,0.09961276024615372,4
K,0.09558611397309151,5
Na,0.094483825066514,6
F,0.09073363629029305,7
HCO3,0.07287608478959696,8
NO3,0.07144610737446569,9
Mg,0.07038997229336627,10
SO4,0.06023589090015959,11
pH,0.040458863905408794,12
