Criterion,Disagree_Count,Disagree_Pct
SAR,19,55.88235294117647
SSP,30,88.23529411764706
RSC,33,97.05882352941177
